utc,sun_az,sun_el,earth_az,earth_el
2000-02-01T00:00:00,208.0930,-4.1833,337.8879,9.0005
2000-02-01T01:00:00,207.5844,-4.2032,337.8313,8.9549
2000-02-01T02:00:00,207.0759,-4.2227,337.7747,8.9089
2000-02-01T03:00:00,206.5672,-4.2418,337.7181,8.8626
2000-02-01T04:00:00,206.0586,-4.2606,337.6615,8.8159
2000-02-01T05:00:00,205.5499,-4.2790,337.6049,8.7689
2000-02-01T06:00:00,205.0412,-4.2971,337.5484,8.7216
2000-02-01T07:00:00,204.5325,-4.3148,337.4918,8.6739
2000-02-01T08:00:00,204.0237,-4.3322,337.4353,8.6259
2000-02-01T09:00:00,203.5149,-4.3492,337.3789,8.5776
2000-02-01T10:00:00,203.0061,-4.3658,337.3224,8.5290
2000-02-01T11:00:00,202.4972,-4.3821,337.2661,8.4801
2000-02-01T12:00:00,201.9883,-4.3981,337.2097,8.4308
2000-02-01T13:00:00,201.4794,-4.4136,337.1534,8.3812
2000-02-01T14:00:00,200.9704,-4.4288,337.0972,8.3314
2000-02-01T15:00:00,200.4614,-4.4436,337.0411,8.2812
2000-02-01T16:00:00,199.9524,-4.4581,336.9850,8.2307
2000-02-01T17:00:00,199.4434,-4.4722,336.9289,8.1800
2000-02-01T18:00:00,198.9343,-4.4859,336.8730,8.1289
2000-02-01T19:00:00,198.4252,-4.4993,336.8171,8.0775
2000-02-01T20:00:00,197.9161,-4.5122,336.7613,8.0259
2000-02-01T21:00:00,197.4070,-4.5248,336.7056,7.9740
2000-02-01T22:00:00,196.8978,-4.5371,336.6500,7.9218
2000-02-01T23:00:00,196.3886,-4.5489,336.5945,7.8693
2000-02-02T00:00:00,195.8794,-4.5604,336.5391,7.8166
2000-02-02T01:00:00,195.3701,-4.5715,336.4838,7.7635
2000-02-02T02:00:00,194.8609,-4.5822,336.4286,7.7102
2000-02-02T03:00:00,194.3516,-4.5925,336.3735,7.6567
2000-02-02T04:00:00,193.8422,-4.6025,336.3185,7.6029
2000-02-02T05:00:00,193.3329,-4.6120,336.2637,7.5488
2000-02-02T06:00:00,192.8236,-4.6212,336.2089,7.4945
2000-02-02T07:00:00,192.3142,-4.6300,336.1543,7.4399
2000-02-02T08:00:00,191.8048,-4.6384,336.0999,7.3851
2000-02-02T09:00:00,191.2954,-4.6465,336.0455,7.3301
2000-02-02T10:00:00,190.7860,-4.6541,335.9914,7.2748
2000-02-02T11:00:00,190.2765,-4.6614,335.9373,7.2192
2000-02-02T12:00:00,189.7670,-4.6683,335.8834,7.1635
2000-02-02T13:00:00,189.2576,-4.6747,335.8296,7.1075
2000-02-02T14:00:00,188.7481,-4.6808,335.7761,7.0513
2000-02-02T15:00:00,188.2385,-4.6865,335.7226,6.9948
2000-02-02T16:00:00,187.7290,-4.6919,335.6693,6.9382
2000-02-02T17:00:00,187.2195,-4.6968,335.6162,6.8813
2000-02-02T18:00:00,186.7099,-4.7013,335.5633,6.8242
2000-02-02T19:00:00,186.2004,-4.7055,335.5105,6.7670
2000-02-02T20:00:00,185.6908,-4.7092,335.4579,6.7095
2000-02-02T21:00:00,185.1812,-4.7126,335.4055,6.6518
2000-02-02T22:00:00,184.6716,-4.7155,335.3533,6.5939
2000-02-02T23:00:00,184.1620,-4.7181,335.3013,6.5359
2000-02-03T00:00:00,183.6524,-4.7203,335.2494,6.4776
2000-02-03T01:00:00,183.1427,-4.7221,335.1977,6.4192
2000-02-03T02:00:00,182.6331,-4.7235,335.1463,6.3606
2000-02-03T03:00:00,182.1235,-4.7245,335.0950,6.3018
2000-02-03T04:00:00,181.6138,-4.7251,335.0440,6.2428
2000-02-03T05:00:00,181.1042,-4.7253,334.9931,6.1837
2000-02-03T06:00:00,180.5945,-4.7251,334.9425,6.1244
2000-02-03T07:00:00,180.0849,-4.7245,334.8921,6.0650
2000-02-03T08:00:00,179.5752,-4.7235,334.8419,6.0054
2000-02-03T09:00:00,179.0655,-4.7222,334.7919,5.9456
2000-02-03T10:00:00,178.5558,-4.7204,334.7421,5.8857
2000-02-03T11:00:00,178.0462,-4.7183,334.6926,5.8257
2000-02-03T12:00:00,177.5365,-4.7157,334.6433,5.7655
2000-02-03T13:00:00,177.0268,-4.7128,334.5942,5.7052
2000-02-03T14:00:00,176.5171,-4.7094,334.5454,5.6448
2000-02-03T15:00:00,176.0075,-4.7057,334.4968,5.5842
2000-02-03T16:00:00,175.4978,-4.7015,334.4484,5.5235
2000-02-03T17:00:00,174.9881,-4.6970,334.4003,5.4627
2000-02-03T18:00:00,174.4785,-4.6921,334.3524,5.4018
2000-02-03T19:00:00,173.9688,-4.6868,334.3048,5.3408
2000-02-03T20:00:00,173.4591,-4.6811,334.2574,5.2796
2000-02-03T21:00:00,172.9495,-4.6750,334.2103,5.2184
2000-02-03T22:00:00,172.4398,-4.6685,334.1635,5.1571
2000-02-03T23:00:00,171.9302,-4.6616,334.1169,5.0957
2000-02-04T00:00:00,171.4206,-4.6544,334.0706,5.0342
2000-02-04T01:00:00,170.9109,-4.6467,334.0245,4.9726
2000-02-04T02:00:00,170.4013,-4.6387,333.9787,4.9109
2000-02-04T03:00:00,169.8917,-4.6302,333.9332,4.8492
2000-02-04T04:00:00,169.3821,-4.6214,333.8880,4.7874
2000-02-04T05:00:00,168.8725,-4.6122,333.8430,4.7255
2000-02-04T06:00:00,168.3629,-4.6026,333.7983,4.6636
2000-02-04T07:00:00,167.8534,-4.5926,333.7539,4.6016
2000-02-04T08:00:00,167.3438,-4.5822,333.7098,4.5396
2000-02-04T09:00:00,166.8343,-4.5714,333.6659,4.4775
2000-02-04T10:00:00,166.3247,-4.5603,333.6224,4.4154
2000-02-04T11:00:00,165.8152,-4.5488,333.5791,4.3532
2000-02-04T12:00:00,165.3057,-4.5369,333.5362,4.2910
2000-02-04T13:00:00,164.7962,-4.5246,333.4935,4.2288
2000-02-04T14:00:00,164.2868,-4.5119,333.4512,4.1666
2000-02-04T15:00:00,163.7773,-4.4988,333.4091,4.1043
2000-02-04T16:00:00,163.2679,-4.4854,333.3673,4.0420
2000-02-04T17:00:00,162.7584,-4.4716,333.3259,3.9797
2000-02-04T18:00:00,162.2490,-4.4574,333.2847,3.9175
2000-02-04T19:00:00,161.7397,-4.4428,333.2439,3.8552
2000-02-04T20:00:00,161.2303,-4.4279,333.2034,3.7929
2000-02-04T21:00:00,160.7209,-4.4126,333.1632,3.7306
2000-02-04T22:00:00,160.2116,-4.3969,333.1233,3.6684
2000-02-04T23:00:00,159.7023,-4.3808,333.0837,3.6061
2000-02-05T00:00:00,159.1930,-4.3644,333.0444,3.5439
2000-02-05T01:00:00,158.6838,-4.3476,333.0055,3.4818
2000-02-05T02:00:00,158.1745,-4.3304,332.9669,3.4196
2000-02-05T03:00:00,157.6653,-4.3129,332.9286,3.3575
2000-02-05T04:00:00,157.1561,-4.2950,332.8906,3.2954
2000-02-05T05:00:00,156.6470,-4.2767,332.8530,3.2334
2000-02-05T06:00:00,156.1378,-4.2581,332.8157,3.1715
2000-02-05T07:00:00,155.6287,-4.2391,332.7787,3.1096
2000-02-05T08:00:00,155.1196,-4.2197,332.7421,3.0477
2000-02-05T09:00:00,154.6105,-4.2000,332.7058,2.9860
2000-02-05T10:00:00,154.1015,-4.1800,332.6698,2.9243
2000-02-05T11:00:00,153.5925,-4.1596,332.6342,2.8627
2000-02-05T12:00:00,153.0835,-4.1388,332.5990,2.8012
2000-02-05T13:00:00,152.5745,-4.1177,332.5640,2.7397
2000-02-05T14:00:00,152.0656,-4.0962,332.5294,2.6784
2000-02-05T15:00:00,151.5567,-4.0744,332.4952,2.6171
2000-02-05T16:00:00,151.0478,-4.0522,332.4613,2.5560
2000-02-05T17:00:00,150.5390,-4.0297,332.4278,2.4950
2000-02-05T18:00:00,150.0302,-4.0068,332.3946,2.4341
2000-02-05T19:00:00,149.5214,-3.9836,332.3617,2.3733
2000-02-05T20:00:00,149.0126,-3.9601,332.3292,2.3126
2000-02-05T21:00:00,148.5039,-3.9362,332.2971,2.2521
2000-02-05T22:00:00,147.9952,-3.9120,332.2653,2.1917
2000-02-05T23:00:00,147.4865,-3.8874,332.2339,2.1314
2000-02-06T00:00:00,146.9779,-3.8625,332.2029,2.0713
2000-02-06T01:00:00,146.4693,-3.8373,332.1722,2.0113
2000-02-06T02:00:00,145.9607,-3.8118,332.1418,1.9515
2000-02-06T03:00:00,145.4522,-3.7859,332.1119,1.8919
2000-02-06T04:00:00,144.9437,-3.7597,332.0823,1.8324
2000-02-06T05:00:00,144.4352,-3.7332,332.0530,1.7731
2000-02-06T06:00:00,143.9268,-3.7063,332.0241,1.7139
2000-02-06T07:00:00,143.4184,-3.6792,331.9956,1.6550
2000-02-06T08:00:00,142.9100,-3.6517,331.9675,1.5962
2000-02-06T09:00:00,142.4017,-3.6239,331.9397,1.5376
2000-02-06T10:00:00,141.8934,-3.5958,331.9123,1.4792
2000-02-06T11:00:00,141.3851,-3.5674,331.8853,1.4211
2000-02-06T12:00:00,140.8769,-3.5386,331.8587,1.3631
2000-02-06T13:00:00,140.3687,-3.5096,331.8324,1.3053
2000-02-06T14:00:00,139.8606,-3.4803,331.8065,1.2478
2000-02-06T15:00:00,139.3524,-3.4506,331.7810,1.1905
2000-02-06T16:00:00,138.8443,-3.4207,331.7558,1.1334
2000-02-06T17:00:00,138.3363,-3.3905,331.7311,1.0765
2000-02-06T18:00:00,137.8283,-3.3599,331.7067,1.0199
2000-02-06T19:00:00,137.3203,-3.3291,331.6827,0.9636
2000-02-06T20:00:00,136.8124,-3.2980,331.6591,0.9074
2000-02-06T21:00:00,136.3045,-3.2666,331.6358,0.8516
2000-02-06T22:00:00,135.7966,-3.2349,331.6130,0.7960
2000-02-06T23:00:00,135.2888,-3.2030,331.5905,0.7406
2000-02-07T00:00:00,134.7810,-3.1707,331.5684,0.6855
2000-02-07T01:00:00,134.2732,-3.1382,331.5467,0.6307
2000-02-07T02:00:00,133.7655,-3.1054,331.5254,0.5762
2000-02-07T03:00:00,133.2578,-3.0723,331.5044,0.5220
2000-02-07T04:00:00,132.7501,-3.0390,331.4839,0.4681
2000-02-07T05:00:00,132.2425,-3.0054,331.4637,0.4144
2000-02-07T06:00:00,131.7349,-2.9715,331.4439,0.3611
2000-02-07T07:00:00,131.2274,-2.9374,331.4246,0.3080
2000-02-07T08:00:00,130.7199,-2.9030,331.4056,0.2553
2000-02-07T09:00:00,130.2124,-2.8683,331.3870,0.2029
2000-02-07T10:00:00,129.7050,-2.8334,331.3688,0.1508
2000-02-07T11:00:00,129.1976,-2.7982,331.3509,0.0990
2000-02-07T12:00:00,128.6903,-2.7628,331.3335,0.0476
2000-02-07T13:00:00,128.1829,-2.7272,331.3165,-0.0035
2000-02-07T14:00:00,127.6756,-2.6913,331.2999,-0.0543
2000-02-07T15:00:00,127.1684,-2.6551,331.2836,-0.1047
2000-02-07T16:00:00,126.6612,-2.6187,331.2678,-0.1548
2000-02-07T17:00:00,126.1540,-2.5821,331.2523,-0.2045
2000-02-07T18:00:00,125.6469,-2.5453,331.2372,-0.2538
2000-02-07T19:00:00,125.1398,-2.5082,331.2226,-0.3028
2000-02-07T20:00:00,124.6327,-2.4709,331.2083,-0.3514
2000-02-07T21:00:00,124.1257,-2.4334,331.1944,-0.3996
2000-02-07T22:00:00,123.6187,-2.3956,331.1809,-0.4475
2000-02-07T23:00:00,123.1117,-2.3576,331.1679,-0.4949
2000-02-08T00:00:00,122.6048,-2.3195,331.1552,-0.5420
2000-02-08T01:00:00,122.0979,-2.2811,331.1429,-0.5887
2000-02-08T02:00:00,121.5910,-2.2425,331.1310,-0.6350
2000-02-08T03:00:00,121.0842,-2.2036,331.1195,-0.6808
2000-02-08T04:00:00,120.5774,-2.1646,331.1084,-0.7263
2000-02-08T05:00:00,120.0707,-2.1254,331.0977,-0.7713
2000-02-08T06:00:00,119.5640,-2.0860,331.0874,-0.8160
2000-02-08T07:00:00,119.0573,-2.0464,331.0776,-0.8602
2000-02-08T08:00:00,118.5506,-2.0066,331.0681,-0.9039
2000-02-08T09:00:00,118.0440,-1.9666,331.0590,-0.9473
2000-02-08T10:00:00,117.5374,-1.9264,331.0503,-0.9902
2000-02-08T11:00:00,117.0309,-1.8861,331.0420,-1.0326
2000-02-08T12:00:00,116.5243,-1.8455,331.0341,-1.0746
2000-02-08T13:00:00,116.0179,-1.8048,331.0266,-1.1162
2000-02-08T14:00:00,115.5114,-1.7639,331.0195,-1.1573
2000-02-08T15:00:00,115.0050,-1.7229,331.0128,-1.1979
2000-02-08T16:00:00,114.4986,-1.6817,331.0065,-1.2381
2000-02-08T17:00:00,113.9922,-1.6403,331.0006,-1.2778
2000-02-08T18:00:00,113.4859,-1.5987,330.9951,-1.3170
2000-02-08T19:00:00,112.9796,-1.5570,330.9900,-1.3557
2000-02-08T20:00:00,112.4733,-1.5152,330.9853,-1.3940
2000-02-08T21:00:00,111.9670,-1.4732,330.9811,-1.4318
2000-02-08T22:00:00,111.4608,-1.4310,330.9772,-1.4691
2000-02-08T23:00:00,110.9546,-1.3887,330.9737,-1.5058
2000-02-09T00:00:00,110.4485,-1.3463,330.9706,-1.5421
2000-02-09T01:00:00,109.9423,-1.3037,330.9679,-1.5779
2000-02-09T02:00:00,109.4362,-1.2610,330.9656,-1.6131
2000-02-09T03:00:00,108.9302,-1.2181,330.9637,-1.6479
2000-02-09T04:00:00,108.4241,-1.1751,330.9623,-1.6821
2000-02-09T05:00:00,107.9181,-1.1320,330.9612,-1.7158
2000-02-09T06:00:00,107.4121,-1.0888,330.9605,-1.7490
2000-02-09T07:00:00,106.9061,-1.0455,330.9602,-1.7816
2000-02-09T08:00:00,106.4002,-1.0020,330.9603,-1.8138
2000-02-09T09:00:00,105.8942,-0.9585,330.9609,-1.8453
2000-02-09T10:00:00,105.3883,-0.9148,330.9618,-1.8764
2000-02-09T11:00:00,104.8824,-0.8710,330.9631,-1.9068
2000-02-09T12:00:00,104.3766,-0.8271,330.9648,-1.9368
2000-02-09T13:00:00,103.8708,-0.7831,330.9670,-1.9661
2000-02-09T14:00:00,103.3649,-0.7391,330.9695,-1.9950
2000-02-09T15:00:00,102.8591,-0.6949,330.9724,-2.0232
2000-02-09T16:00:00,102.3534,-0.6507,330.9757,-2.0509
2000-02-09T17:00:00,101.8476,-0.6063,330.9794,-2.0780
2000-02-09T18:00:00,101.3419,-0.5619,330.9836,-2.1046
2000-02-09T19:00:00,100.8362,-0.5174,330.9881,-2.1306
2000-02-09T20:00:00,100.3305,-0.4728,330.9930,-2.1559
2000-02-09T21:00:00,99.8248,-0.4282,330.9983,-2.1808
2000-02-09T22:00:00,99.3192,-0.3834,331.0040,-2.2050
2000-02-09T23:00:00,98.8135,-0.3387,331.0101,-2.2286
2000-02-10T00:00:00,98.3079,-0.2938,331.0167,-2.2516
2000-02-10T01:00:00,97.8023,-0.2489,331.0236,-2.2741
2000-02-10T02:00:00,97.2967,-0.2040,331.0309,-2.2959
2000-02-10T03:00:00,96.7911,-0.1590,331.0386,-2.3171
2000-02-10T04:00:00,96.2856,-0.1139,331.0467,-2.3378
2000-02-10T05:00:00,95.7800,-0.0688,331.0552,-2.3578
2000-02-10T06:00:00,95.2745,-0.0237,331.0640,-2.3772
2000-02-10T07:00:00,94.7690,0.0215,331.0733,-2.3960
2000-02-10T08:00:00,94.2635,0.0667,331.0830,-2.4141
2000-02-10T09:00:00,93.7580,0.1119,331.0931,-2.4317
2000-02-10T10:00:00,93.2525,0.1572,331.1036,-2.4486
2000-02-10T11:00:00,92.7470,0.2025,331.1144,-2.4649
2000-02-10T12:00:00,92.2416,0.2478,331.1257,-2.4805
2000-02-10T13:00:00,91.7361,0.2931,331.1373,-2.4955
2000-02-10T14:00:00,91.2307,0.3385,331.1494,-2.5099
2000-02-10T15:00:00,90.7252,0.3838,331.1618,-2.5236
2000-02-10T16:00:00,90.2198,0.4292,331.1746,-2.5367
2000-02-10T17:00:00,89.7144,0.4745,331.1879,-2.5492
2000-02-10T18:00:00,89.2090,0.5199,331.2015,-2.5610
2000-02-10T19:00:00,88.7036,0.5653,331.2155,-2.5722
2000-02-10T20:00:00,88.1982,0.6106,331.2299,-2.5827
2000-02-10T21:00:00,87.6928,0.6560,331.2447,-2.5925
2000-02-10T22:00:00,87.1874,0.7013,331.2598,-2.6017
2000-02-10T23:00:00,86.6820,0.7466,331.2754,-2.6102
2000-02-11T00:00:00,86.1766,0.7919,331.2913,-2.6181
2000-02-11T01:00:00,85.6712,0.8371,331.3077,-2.6253
2000-02-11T02:00:00,85.1659,0.8824,331.3244,-2.6318
2000-02-11T03:00:00,84.6605,0.9276,331.3415,-2.6377
2000-02-11T04:00:00,84.1551,0.9727,331.3590,-2.6429
2000-02-11T05:00:00,83.6497,1.0179,331.3769,-2.6474
2000-02-11T06:00:00,83.1444,1.0630,331.3952,-2.6513
2000-02-11T07:00:00,82.6390,1.1080,331.4138,-2.6545
2000-02-11T08:00:00,82.1336,1.1530,331.4328,-2.6570
2000-02-11T09:00:00,81.6282,1.1980,331.4523,-2.6588
2000-02-11T10:00:00,81.1229,1.2428,331.4721,-2.6600
2000-02-11T11:00:00,80.6175,1.2877,331.4923,-2.6604
2000-02-11T12:00:00,80.1121,1.3324,331.5128,-2.6602
2000-02-11T13:00:00,79.6067,1.3772,331.5338,-2.6593
2000-02-11T14:00:00,79.1013,1.4218,331.5551,-2.6577
2000-02-11T15:00:00,78.5959,1.4664,331.5768,-2.6554
2000-02-11T16:00:00,78.0905,1.5108,331.5989,-2.6525
2000-02-11T17:00:00,77.5851,1.5553,331.6214,-2.6488
2000-02-11T18:00:00,77.0797,1.5996,331.6442,-2.6444
2000-02-11T19:00:00,76.5743,1.6438,331.6674,-2.6394
2000-02-11T20:00:00,76.0688,1.6880,331.6910,-2.6337
2000-02-11T21:00:00,75.5634,1.7320,331.7150,-2.6272
2000-02-11T22:00:00,75.0580,1.7760,331.7393,-2.6201
2000-02-11T23:00:00,74.5525,1.8199,331.7640,-2.6123
2000-02-12T00:00:00,74.0470,1.8637,331.7891,-2.6038
2000-02-12T01:00:00,73.5416,1.9073,331.8146,-2.5946
2000-02-12T02:00:00,73.0361,1.9509,331.8404,-2.5847
2000-02-12T03:00:00,72.5306,1.9943,331.8666,-2.5741
2000-02-12T04:00:00,72.0251,2.0376,331.8932,-2.5628
2000-02-12T05:00:00,71.5196,2.0808,331.9201,-2.5508
2000-02-12T06:00:00,71.0140,2.1239,331.9474,-2.5381
2000-02-12T07:00:00,70.5085,2.1669,331.9751,-2.5247
2000-02-12T08:00:00,70.0029,2.2097,332.0031,-2.5106
2000-02-12T09:00:00,69.4974,2.2524,332.0315,-2.4958
2000-02-12T10:00:00,68.9918,2.2950,332.0603,-2.4803
2000-02-12T11:00:00,68.4862,2.3374,332.0894,-2.4641
2000-02-12T12:00:00,67.9806,2.3797,332.1189,-2.4472
2000-02-12T13:00:00,67.4749,2.4219,332.1487,-2.4296
2000-02-12T14:00:00,66.9693,2.4639,332.1789,-2.4113
2000-02-12T15:00:00,66.4636,2.5057,332.2095,-2.3923
2000-02-12T16:00:00,65.9579,2.5474,332.2404,-2.3726
2000-02-12T17:00:00,65.4522,2.5889,332.2717,-2.3522
2000-02-12T18:00:00,64.9465,2.6303,332.3033,-2.3311
2000-02-12T19:00:00,64.4408,2.6715,332.3353,-2.3094
2000-02-12T20:00:00,63.9350,2.7126,332.3676,-2.2869
2000-02-12T21:00:00,63.4293,2.7535,332.4003,-2.2637
2000-02-12T22:00:00,62.9235,2.7942,332.4333,-2.2399
2000-02-12T23:00:00,62.4177,2.8347,332.4667,-2.2153
2000-02-13T00:00:00,61.9118,2.8750,332.5004,-2.1901
2000-02-13T01:00:00,61.4060,2.9152,332.5345,-2.1642
2000-02-13T02:00:00,60.9001,2.9552,332.5689,-2.1376
2000-02-13T03:00:00,60.3942,2.9950,332.6037,-2.1103
2000-02-13T04:00:00,59.8883,3.0346,332.6388,-2.0823
2000-02-13T05:00:00,59.3824,3.0740,332.6742,-2.0536
2000-02-13T06:00:00,58.8764,3.1132,332.7100,-2.0243
2000-02-13T07:00:00,58.3705,3.1523,332.7461,-1.9942
2000-02-13T08:00:00,57.8645,3.1911,332.7825,-1.9635
2000-02-13T09:00:00,57.3584,3.2297,332.8193,-1.9321
2000-02-13T10:00:00,56.8524,3.2681,332.8564,-1.9001
2000-02-13T11:00:00,56.3463,3.3063,332.8938,-1.8673
2000-02-13T12:00:00,55.8402,3.3443,332.9316,-1.8339
2000-02-13T13:00:00,55.3341,3.3820,332.9697,-1.7999
2000-02-13T14:00:00,54.8280,3.4196,333.0081,-1.7651
2000-02-13T15:00:00,54.3218,3.4569,333.0469,-1.7298
2000-02-13T16:00:00,53.8156,3.4940,333.0859,-1.6937
2000-02-13T17:00:00,53.3094,3.5309,333.1253,-1.6570
2000-02-13T18:00:00,52.8032,3.5675,333.1650,-1.6196
2000-02-13T19:00:00,52.2969,3.6039,333.2050,-1.5816
2000-02-13T20:00:00,51.7906,3.6401,333.2454,-1.5429
2000-02-13T21:00:00,51.2843,3.6760,333.2860,-1.5036
2000-02-13T22:00:00,50.7780,3.7117,333.3270,-1.4637
2000-02-13T23:00:00,50.2716,3.7471,333.3682,-1.4231
2000-02-14T00:00:00,49.7652,3.7823,333.4098,-1.3818
2000-02-14T01:00:00,49.2588,3.8172,333.4517,-1.3400
2000-02-14T02:00:00,48.7524,3.8519,333.4938,-1.2975
2000-02-14T03:00:00,48.2459,3.8864,333.5363,-1.2543
2000-02-14T04:00:00,47.7394,3.9205,333.5791,-1.2106
2000-02-14T05:00:00,47.2329,3.9545,333.6221,-1.1662
2000-02-14T06:00:00,46.7263,3.9881,333.6655,-1.1212
2000-02-14T07:00:00,46.2198,4.0215,333.7091,-1.0757
2000-02-14T08:00:00,45.7132,4.0546,333.7531,-1.0295
2000-02-14T09:00:00,45.2066,4.0875,333.7973,-0.9827
2000-02-14T10:00:00,44.6999,4.1201,333.8418,-0.9353
2000-02-14T11:00:00,44.1932,4.1524,333.8866,-0.8873
2000-02-14T12:00:00,43.6865,4.1844,333.9316,-0.8387
2000-02-14T13:00:00,43.1798,4.2161,333.9770,-0.7895
2000-02-14T14:00:00,42.6730,4.2476,334.0226,-0.7398
2000-02-14T15:00:00,42.1662,4.2788,334.0684,-0.6894
2000-02-14T16:00:00,41.6594,4.3097,334.1146,-0.6385
2000-02-14T17:00:00,41.1526,4.3403,334.1610,-0.5871
2000-02-14T18:00:00,40.6457,4.3706,334.2077,-0.5350
2000-02-14T19:00:00,40.1388,4.4006,334.2546,-0.4825
2000-02-14T20:00:00,39.6319,4.4303,334.3018,-0.4293
2000-02-14T21:00:00,39.1250,4.4597,334.3492,-0.3756
2000-02-14T22:00:00,38.6180,4.4888,334.3969,-0.3214
2000-02-14T23:00:00,38.1110,4.5177,334.4448,-0.2666
2000-02-15T00:00:00,37.6040,4.5462,334.4930,-0.2114
2000-02-15T01:00:00,37.0969,4.5744,334.5414,-0.1555
2000-02-15T02:00:00,36.5898,4.6023,334.5900,-0.0992
2000-02-15T03:00:00,36.0827,4.6298,334.6389,-0.0424
2000-02-15T04:00:00,35.5756,4.6571,334.6880,0.0150
2000-02-15T05:00:00,35.0684,4.6841,334.7374,0.0728
2000-02-15T06:00:00,34.5613,4.7107,334.7870,0.1312
2000-02-15T07:00:00,34.0541,4.7370,334.8367,0.1900
2000-02-15T08:00:00,33.5468,4.7630,334.8867,0.2493
2000-02-15T09:00:00,33.0396,4.7887,334.9370,0.3091
2000-02-15T10:00:00,32.5323,4.8140,334.9874,0.3694
2000-02-15T11:00:00,32.0250,4.8390,335.0380,0.4301
2000-02-15T12:00:00,31.5177,4.8637,335.0889,0.4913
2000-02-15T13:00:00,31.0103,4.8881,335.1399,0.5530
2000-02-15T14:00:00,30.5029,4.9121,335.1911,0.6150
2000-02-15T15:00:00,29.9955,4.9358,335.2426,0.6776
2000-02-15T16:00:00,29.4881,4.9591,335.2942,0.7405
2000-02-15T17:00:00,28.9806,4.9822,335.3460,0.8039
2000-02-15T18:00:00,28.4732,5.0048,335.3979,0.8677
2000-02-15T19:00:00,27.9657,5.0272,335.4501,0.9319
2000-02-15T20:00:00,27.4582,5.0492,335.5024,0.9965
2000-02-15T21:00:00,26.9506,5.0708,335.5549,1.0614
2000-02-15T22:00:00,26.4431,5.0921,335.6075,1.1268
2000-02-15T23:00:00,25.9355,5.1130,335.6604,1.1926
2000-02-16T00:00:00,25.4279,5.1336,335.7133,1.2587
2000-02-16T01:00:00,24.9202,5.1539,335.7664,1.3252
2000-02-16T02:00:00,24.4126,5.1738,335.8197,1.3920
2000-02-16T03:00:00,23.9049,5.1933,335.8731,1.4592
2000-02-16T04:00:00,23.3972,5.2125,335.9266,1.5268
2000-02-16T05:00:00,22.8895,5.2313,335.9803,1.5946
2000-02-16T06:00:00,22.3818,5.2498,336.0341,1.6628
2000-02-16T07:00:00,21.8741,5.2679,336.0880,1.7313
2000-02-16T08:00:00,21.3663,5.2857,336.1421,1.8002
2000-02-16T09:00:00,20.8585,5.3030,336.1962,1.8693
2000-02-16T10:00:00,20.3507,5.3201,336.2505,1.9387
2000-02-16T11:00:00,19.8429,5.3367,336.3049,2.0084
2000-02-16T12:00:00,19.3350,5.3530,336.3593,2.0783
2000-02-16T13:00:00,18.8272,5.3689,336.4139,2.1486
2000-02-16T14:00:00,18.3193,5.3845,336.4685,2.2191
2000-02-16T15:00:00,17.8114,5.3997,336.5233,2.2898
2000-02-16T16:00:00,17.3035,5.4145,336.5781,2.3608
2000-02-16T17:00:00,16.7956,5.4289,336.6330,2.4320
2000-02-16T18:00:00,16.2877,5.4430,336.6879,2.5034
2000-02-16T19:00:00,15.7797,5.4567,336.7429,2.5751
2000-02-16T20:00:00,15.2718,5.4700,336.7980,2.6470
2000-02-16T21:00:00,14.7638,5.4829,336.8532,2.7190
2000-02-16T22:00:00,14.2558,5.4955,336.9083,2.7913
2000-02-16T23:00:00,13.7478,5.5076,336.9636,2.8637
2000-02-17T00:00:00,13.2398,5.5195,337.0188,2.9363
2000-02-17T01:00:00,12.7318,5.5309,337.0741,3.0090
2000-02-17T02:00:00,12.2238,5.5419,337.1294,3.0820
2000-02-17T03:00:00,11.7157,5.5526,337.1847,3.1550
2000-02-17T04:00:00,11.2077,5.5629,337.2401,3.2282
2000-02-17T05:00:00,10.6996,5.5728,337.2955,3.3015
2000-02-17T06:00:00,10.1915,5.5823,337.3508,3.3750
2000-02-17T07:00:00,9.6834,5.5914,337.4062,3.4485
2000-02-17T08:00:00,9.1754,5.6001,337.4615,3.5221
2000-02-17T09:00:00,8.6673,5.6085,337.5169,3.5958
2000-02-17T10:00:00,8.1591,5.6165,337.5722,3.6697
2000-02-17T11:00:00,7.6510,5.6240,337.6275,3.7435
2000-02-17T12:00:00,7.1429,5.6312,337.6827,3.8175
2000-02-17T13:00:00,6.6348,5.6381,337.7379,3.8915
2000-02-17T14:00:00,6.1267,5.6445,337.7931,3.9655
2000-02-17T15:00:00,5.6185,5.6505,337.8482,4.0395
2000-02-17T16:00:00,5.1104,5.6561,337.9033,4.1136
2000-02-17T17:00:00,4.6022,5.6614,337.9583,4.1877
2000-02-17T18:00:00,4.0941,5.6663,338.0132,4.2618
2000-02-17T19:00:00,3.5859,5.6707,338.0681,4.3359
2000-02-17T20:00:00,3.0778,5.6748,338.1229,4.4100
2000-02-17T21:00:00,2.5696,5.6785,338.1776,4.4841
2000-02-17T22:00:00,2.0615,5.6818,338.2322,4.5581
2000-02-17T23:00:00,1.5533,5.6847,338.2867,4.6321
2000-02-18T00:00:00,1.0452,5.6872,338.3411,4.7061
2000-02-18T01:00:00,0.5370,5.6894,338.3953,4.7799
2000-02-18T02:00:00,0.0289,5.6911,338.4495,4.8537
2000-02-18T03:00:00,359.5207,5.6924,338.5035,4.9275
2000-02-18T04:00:00,359.0126,5.6934,338.5574,5.0011
2000-02-18T05:00:00,358.5044,5.6939,338.6112,5.0747
2000-02-18T06:00:00,357.9963,5.6941,338.6648,5.1481
2000-02-18T07:00:00,357.4881,5.6939,338.7183,5.2214
2000-02-18T08:00:00,356.9800,5.6933,338.7716,5.2946
2000-02-18T09:00:00,356.4719,5.6923,338.8248,5.3677
2000-02-18T10:00:00,355.9637,5.6909,338.8777,5.4406
2000-02-18T11:00:00,355.4556,5.6891,338.9305,5.5134
2000-02-18T12:00:00,354.9475,5.6869,338.9831,5.5860
2000-02-18T13:00:00,354.4394,5.6843,339.0356,5.6585
2000-02-18T14:00:00,353.9313,5.6814,339.0878,5.7307
2000-02-18T15:00:00,353.4232,5.6780,339.1398,5.8028
2000-02-18T16:00:00,352.9151,5.6743,339.1916,5.8747
2000-02-18T17:00:00,352.4070,5.6701,339.2432,5.9464
2000-02-18T18:00:00,351.8990,5.6656,339.2946,6.0179
2000-02-18T19:00:00,351.3909,5.6607,339.3457,6.0891
2000-02-18T20:00:00,350.8829,5.6554,339.3967,6.1601
2000-02-18T21:00:00,350.3748,5.6497,339.4473,6.2309
2000-02-18T22:00:00,349.8668,5.6437,339.4977,6.3014
2000-02-18T23:00:00,349.3588,5.6372,339.5479,6.3717
2000-02-19T00:00:00,348.8508,5.6304,339.5978,6.4417
2000-02-19T01:00:00,348.3428,5.6231,339.6474,6.5114
2000-02-19T02:00:00,347.8348,5.6155,339.6968,6.5809
2000-02-19T03:00:00,347.3269,5.6075,339.7458,6.6501
2000-02-19T04:00:00,346.8189,5.5991,339.7946,6.7189
2000-02-19T05:00:00,346.3110,5.5904,339.8431,6.7875
2000-02-19T06:00:00,345.8031,5.5812,339.8912,6.8558
2000-02-19T07:00:00,345.2952,5.5717,339.9391,6.9237
2000-02-19T08:00:00,344.7873,5.5618,339.9867,6.9913
2000-02-19T09:00:00,344.2794,5.5515,340.0339,7.0586
2000-02-19T10:00:00,343.7715,5.5408,340.0808,7.1255
2000-02-19T11:00:00,343.2637,5.5298,340.1274,7.1921
2000-02-19T12:00:00,342.7559,5.5184,340.1736,7.2583
2000-02-19T13:00:00,342.2481,5.5066,340.2195,7.3241
2000-02-19T14:00:00,341.7403,5.4944,340.2650,7.3896
2000-02-19T15:00:00,341.2325,5.4819,340.3102,7.4547
2000-02-19T16:00:00,340.7248,5.4690,340.3550,7.5194
2000-02-19T17:00:00,340.2171,5.4557,340.3994,7.5837
2000-02-19T18:00:00,339.7094,5.4420,340.4435,7.6476
2000-02-19T19:00:00,339.2017,5.4280,340.4871,7.7111
2000-02-19T20:00:00,338.6940,5.4136,340.5304,7.7742
2000-02-19T21:00:00,338.1864,5.3988,340.5733,7.8369
2000-02-19T22:00:00,337.6788,5.3837,340.6158,7.8991
2000-02-19T23:00:00,337.1712,5.3682,340.6578,7.9609
2000-02-20T00:00:00,336.6636,5.3523,340.6995,8.0223
2000-02-20T01:00:00,336.1561,5.3361,340.7407,8.0832
2000-02-20T02:00:00,335.6485,5.3196,340.7815,8.1437
2000-02-20T03:00:00,335.1410,5.3026,340.8219,8.2037
2000-02-20T04:00:00,334.6335,5.2853,340.8618,8.2632
2000-02-20T05:00:00,334.1261,5.2677,340.9013,8.3223
2000-02-20T06:00:00,333.6187,5.2497,340.9403,8.3808
2000-02-20T07:00:00,333.1113,5.2313,340.9789,8.4389
2000-02-20T08:00:00,332.6039,5.2126,341.0170,8.4966
2000-02-20T09:00:00,332.0965,5.1935,341.0547,8.5537
2000-02-20T10:00:00,331.5892,5.1741,341.0919,8.6103
2000-02-20T11:00:00,331.0819,5.1544,341.1286,8.6664
2000-02-20T12:00:00,330.5746,5.1343,341.1648,8.7220
2000-02-20T13:00:00,330.0674,5.1138,341.2005,8.7771
2000-02-20T14:00:00,329.5602,5.0930,341.2358,8.8317
2000-02-20T15:00:00,329.0530,5.0719,341.2705,8.8857
2000-02-20T16:00:00,328.5458,5.0504,341.3048,8.9392
2000-02-20T17:00:00,328.0387,5.0286,341.3385,8.9922
2000-02-20T18:00:00,327.5315,5.0065,341.3717,9.0447
2000-02-20T19:00:00,327.0245,4.9840,341.4044,9.0966
2000-02-20T20:00:00,326.5174,4.9612,341.4366,9.1479
2000-02-20T21:00:00,326.0104,4.9381,341.4683,9.1987
2000-02-20T22:00:00,325.5034,4.9146,341.4994,9.2490
2000-02-20T23:00:00,324.9964,4.8908,341.5300,9.2986
2000-02-21T00:00:00,324.4895,4.8667,341.5600,9.3478
2000-02-21T01:00:00,323.9826,4.8423,341.5895,9.3963
2000-02-21T02:00:00,323.4757,4.8175,341.6184,9.4443
2000-02-21T03:00:00,322.9688,4.7925,341.6468,9.4917
2000-02-21T04:00:00,322.4620,4.7671,341.6747,9.5386
2000-02-21T05:00:00,321.9552,4.7414,341.7019,9.5848
2000-02-21T06:00:00,321.4484,4.7154,341.7286,9.6305
2000-02-21T07:00:00,320.9417,4.6890,341.7548,9.6755
2000-02-21T08:00:00,320.4350,4.6624,341.7803,9.7200
2000-02-21T09:00:00,319.9283,4.6355,341.8053,9.7639
2000-02-21T10:00:00,319.4217,4.6082,341.8297,9.8072
2000-02-21T11:00:00,318.9151,4.5807,341.8535,9.8499
2000-02-21T12:00:00,318.4085,4.5529,341.8768,9.8920
2000-02-21T13:00:00,317.9019,4.5247,341.8994,9.9335
2000-02-21T14:00:00,317.3954,4.4963,341.9214,9.9744
2000-02-21T15:00:00,316.8889,4.4676,341.9429,10.0147
2000-02-21T16:00:00,316.3825,4.4386,341.9637,10.0543
2000-02-21T17:00:00,315.8760,4.4093,341.9839,10.0934
2000-02-21T18:00:00,315.3696,4.3797,342.0036,10.1318
2000-02-21T19:00:00,314.8633,4.3498,342.0226,10.1696
2000-02-21T20:00:00,314.3569,4.3197,342.0410,10.2068
2000-02-21T21:00:00,313.8506,4.2893,342.0588,10.2434
2000-02-21T22:00:00,313.3443,4.2586,342.0759,10.2794
2000-02-21T23:00:00,312.8381,4.2276,342.0925,10.3147
2000-02-22T00:00:00,312.3319,4.1964,342.1084,10.3494
2000-02-22T01:00:00,311.8257,4.1649,342.1237,10.3835
2000-02-22T02:00:00,311.3195,4.1331,342.1384,10.4169
2000-02-22T03:00:00,310.8134,4.1011,342.1524,10.4497
2000-02-22T04:00:00,310.3073,4.0688,342.1658,10.4819
2000-02-22T05:00:00,309.8012,4.0362,342.1786,10.5135
2000-02-22T06:00:00,309.2952,4.0034,342.1907,10.5444
2000-02-22T07:00:00,308.7892,3.9704,342.2022,10.5747
2000-02-22T08:00:00,308.2832,3.9371,342.2131,10.6043
2000-02-22T09:00:00,307.7772,3.9035,342.2233,10.6333
2000-02-22T10:00:00,307.2713,3.8697,342.2329,10.6617
2000-02-22T11:00:00,306.7654,3.8357,342.2418,10.6895
2000-02-22T12:00:00,306.2596,3.8014,342.2501,10.7166
2000-02-22T13:00:00,305.7537,3.7669,342.2578,10.7430
2000-02-22T14:00:00,305.2479,3.7321,342.2648,10.7689
2000-02-22T15:00:00,304.7421,3.6972,342.2711,10.7941
2000-02-22T16:00:00,304.2364,3.6620,342.2768,10.8186
2000-02-22T17:00:00,303.7306,3.6265,342.2819,10.8425
2000-02-22T18:00:00,303.2249,3.5909,342.2863,10.8658
2000-02-22T19:00:00,302.7193,3.5550,342.2900,10.8885
2000-02-22T20:00:00,302.2136,3.5189,342.2931,10.9105
2000-02-22T21:00:00,301.7080,3.4826,342.2956,10.9318
2000-02-22T22:00:00,301.2024,3.4461,342.2974,10.9526
2000-02-22T23:00:00,300.6968,3.4094,342.2985,10.9727
2000-02-23T00:00:00,300.1913,3.3725,342.2990,10.9921
2000-02-23T01:00:00,299.6858,3.3354,342.2989,11.0109
2000-02-23T02:00:00,299.1803,3.2981,342.2981,11.0291
2000-02-23T03:00:00,298.6748,3.2606,342.2966,11.0467
2000-02-23T04:00:00,298.1694,3.2228,342.2945,11.0636
2000-02-23T05:00:00,297.6640,3.1850,342.2918,11.0799
2000-02-23T06:00:00,297.1586,3.1469,342.2884,11.0955
2000-02-23T07:00:00,296.6532,3.1086,342.2843,11.1105
2000-02-23T08:00:00,296.1479,3.0702,342.2796,11.1249
2000-02-23T09:00:00,295.6425,3.0315,342.2743,11.1387
2000-02-23T10:00:00,295.1372,2.9928,342.2683,11.1518
2000-02-23T11:00:00,294.6319,2.9538,342.2616,11.1643
2000-02-23T12:00:00,294.1267,2.9147,342.2544,11.1762
2000-02-23T13:00:00,293.6214,2.8754,342.2464,11.1874
2000-02-23T14:00:00,293.1162,2.8359,342.2379,11.1980
2000-02-23T15:00:00,292.6110,2.7963,342.2287,11.2080
2000-02-23T16:00:00,292.1058,2.7565,342.2188,11.2174
2000-02-23T17:00:00,291.6007,2.7166,342.2083,11.2262
2000-02-23T18:00:00,291.0955,2.6765,342.1972,11.2343
2000-02-23T19:00:00,290.5904,2.6363,342.1855,11.2418
2000-02-23T20:00:00,290.0853,2.5959,342.1731,11.2488
2000-02-23T21:00:00,289.5802,2.5554,342.1601,11.2550
2000-02-23T22:00:00,289.0751,2.5148,342.1464,11.2607
2000-02-23T23:00:00,288.5701,2.4740,342.1322,11.2658
2000-02-24T00:00:00,288.0650,2.4331,342.1173,11.2703
2000-02-24T01:00:00,287.5600,2.3921,342.1018,11.2741
2000-02-24T02:00:00,287.0550,2.3510,342.0856,11.2774
2000-02-24T03:00:00,286.5500,2.3097,342.0689,11.2800
2000-02-24T04:00:00,286.0450,2.2683,342.0515,11.2820
2000-02-24T05:00:00,285.5401,2.2268,342.0335,11.2835
2000-02-24T06:00:00,285.0351,2.1852,342.0149,11.2843
2000-02-24T07:00:00,284.5302,2.1435,341.9958,11.2846
2000-02-24T08:00:00,284.0253,2.1017,341.9760,11.2842
2000-02-24T09:00:00,283.5203,2.0598,341.9556,11.2833
2000-02-24T10:00:00,283.0154,2.0177,341.9346,11.2818
2000-02-24T11:00:00,282.5105,1.9756,341.9130,11.2796
2000-02-24T12:00:00,282.0056,1.9335,341.8908,11.2769
2000-02-24T13:00:00,281.5008,1.8912,341.8681,11.2736
2000-02-24T14:00:00,280.9959,1.8488,341.8447,11.2698
2000-02-24T15:00:00,280.4910,1.8064,341.8208,11.2653
2000-02-24T16:00:00,279.9862,1.7638,341.7963,11.2603
2000-02-24T17:00:00,279.4813,1.7213,341.7712,11.2547
2000-02-24T18:00:00,278.9765,1.6786,341.7455,11.2485
2000-02-24T19:00:00,278.4717,1.6359,341.7193,11.2418
2000-02-24T20:00:00,277.9668,1.5931,341.6925,11.2345
2000-02-24T21:00:00,277.4620,1.5502,341.6652,11.2266
2000-02-24T22:00:00,276.9572,1.5073,341.6373,11.2182
2000-02-24T23:00:00,276.4524,1.4644,341.6088,11.2091
2000-02-25T00:00:00,275.9476,1.4214,341.5798,11.1996
2000-02-25T01:00:00,275.4428,1.3783,341.5503,11.1895
2000-02-25T02:00:00,274.9379,1.3352,341.5202,11.1788
2000-02-25T03:00:00,274.4331,1.2921,341.4896,11.1676
2000-02-25T04:00:00,273.9283,1.2489,341.4584,11.1558
2000-02-25T05:00:00,273.4235,1.2057,341.4268,11.1435
2000-02-25T06:00:00,272.9187,1.1625,341.3946,11.1306
2000-02-25T07:00:00,272.4139,1.1192,341.3618,11.1172
2000-02-25T08:00:00,271.9091,1.0760,341.3286,11.1033
2000-02-25T09:00:00,271.4043,1.0327,341.2949,11.0888
2000-02-25T10:00:00,270.8995,0.9894,341.2606,11.0738
2000-02-25T11:00:00,270.3946,0.9461,341.2259,11.0582
2000-02-25T12:00:00,269.8898,0.9027,341.1906,11.0422
2000-02-25T13:00:00,269.3850,0.8594,341.1549,11.0256
2000-02-25T14:00:00,268.8802,0.8161,341.1187,11.0084
2000-02-25T15:00:00,268.3753,0.7727,341.0820,10.9908
2000-02-25T16:00:00,267.8705,0.7294,341.0448,10.9726
2000-02-25T17:00:00,267.3656,0.6861,341.0072,10.9540
2000-02-25T18:00:00,266.8608,0.6428,340.9691,10.9348
2000-02-25T19:00:00,266.3559,0.5995,340.9305,10.9151
2000-02-25T20:00:00,265.8510,0.5563,340.8915,10.8949
2000-02-25T21:00:00,265.3461,0.5130,340.8520,10.8742
2000-02-25T22:00:00,264.8412,0.4698,340.8121,10.8530
2000-02-25T23:00:00,264.3363,0.4266,340.7717,10.8312
2000-02-26T00:00:00,263.8314,0.3835,340.7309,10.8090
2000-02-26T01:00:00,263.3265,0.3404,340.6897,10.7863
2000-02-26T02:00:00,262.8215,0.2973,340.6480,10.7631
2000-02-26T03:00:00,262.3166,0.2543,340.6060,10.7395
2000-02-26T04:00:00,261.8116,0.2113,340.5635,10.7153
2000-02-26T05:00:00,261.3066,0.1684,340.5206,10.6906
2000-02-26T06:00:00,260.8016,0.1255,340.4773,10.6655
2000-02-26T07:00:00,260.2966,0.0827,340.4336,10.6399
2000-02-26T08:00:00,259.7916,0.0400,340.3895,10.6138
2000-02-26T09:00:00,259.2865,-0.0027,340.3451,10.5873
2000-02-26T10:00:00,258.7814,-0.0454,340.3002,10.5603
2000-02-26T11:00:00,258.2764,-0.0879,340.2550,10.5328
2000-02-26T12:00:00,257.7713,-0.1304,340.2094,10.5048
2000-02-26T13:00:00,257.2661,-0.1728,340.1635,10.4764
2000-02-26T14:00:00,256.7610,-0.2151,340.1171,10.4475
2000-02-26T15:00:00,256.2558,-0.2573,340.0705,10.4182
2000-02-26T16:00:00,255.7507,-0.2994,340.0235,10.3884
2000-02-26T17:00:00,255.2455,-0.3415,339.9761,10.3582
2000-02-26T18:00:00,254.7402,-0.3834,339.9284,10.3276
2000-02-26T19:00:00,254.2350,-0.4253,339.8804,10.2964
2000-02-26T20:00:00,253.7297,-0.4671,339.8321,10.2649
2000-02-26T21:00:00,253.2244,-0.5087,339.7835,10.2329
2000-02-26T22:00:00,252.7191,-0.5502,339.7345,10.2005
2000-02-26T23:00:00,252.2138,-0.5917,339.6852,10.1676
2000-02-27T00:00:00,251.7084,-0.6330,339.6357,10.1343
2000-02-27T01:00:00,251.2030,-0.6742,339.5858,10.1006
2000-02-27T02:00:00,250.6976,-0.7152,339.5357,10.0665
2000-02-27T03:00:00,250.1922,-0.7562,339.4853,10.0319
2000-02-27T04:00:00,249.6867,-0.7970,339.4346,9.9970
2000-02-27T05:00:00,249.1812,-0.8377,339.3837,9.9616
2000-02-27T06:00:00,248.6757,-0.8782,339.3324,9.9258
2000-02-27T07:00:00,248.1702,-0.9187,339.2810,9.8896
2000-02-27T08:00:00,247.6646,-0.9589,339.2293,9.8529
2000-02-27T09:00:00,247.1590,-0.9991,339.1773,9.8159
2000-02-27T10:00:00,246.6533,-1.0390,339.1251,9.7785
2000-02-27T11:00:00,246.1477,-1.0789,339.0727,9.7407
2000-02-27T12:00:00,245.6420,-1.1185,339.0200,9.7025
2000-02-27T13:00:00,245.1363,-1.1580,338.9671,9.6639
2000-02-27T14:00:00,244.6305,-1.1974,338.9141,9.6249
2000-02-27T15:00:00,244.1247,-1.2366,338.8608,9.5855
2000-02-27T16:00:00,243.6189,-1.2756,338.8073,9.5458
2000-02-27T17:00:00,243.1130,-1.3145,338.7536,9.5056
2000-02-27T18:00:00,242.6072,-1.3532,338.6998,9.4651
2000-02-27T19:00:00,242.1013,-1.3917,338.6457,9.4242
2000-02-27T20:00:00,241.5953,-1.4300,338.5915,9.3830
2000-02-27T21:00:00,241.0893,-1.4681,338.5371,9.3414
2000-02-27T22:00:00,240.5833,-1.5061,338.4826,9.2994
2000-02-27T23:00:00,240.0773,-1.5438,338.4279,9.2570
2000-02-28T00:00:00,239.5712,-1.5814,338.3730,9.2143
2000-02-28T01:00:00,239.0651,-1.6188,338.3180,9.1712
2000-02-28T02:00:00,238.5589,-1.6560,338.2629,9.1278
2000-02-28T03:00:00,238.0527,-1.6930,338.2077,9.0841
2000-02-28T04:00:00,237.5465,-1.7297,338.1523,9.0399
2000-02-28T05:00:00,237.0402,-1.7663,338.0968,8.9955
2000-02-28T06:00:00,236.5339,-1.8027,338.0412,8.9507
2000-02-28T07:00:00,236.0276,-1.8388,337.9855,8.9056
2000-02-28T08:00:00,235.5212,-1.8748,337.9297,8.8601
2000-02-28T09:00:00,235.0148,-1.9105,337.8738,8.8143
2000-02-28T10:00:00,234.5084,-1.9460,337.8178,8.7682
2000-02-28T11:00:00,234.0019,-1.9812,337.7618,8.7217
2000-02-28T12:00:00,233.4954,-2.0163,337.7056,8.6749
2000-02-28T13:00:00,232.9888,-2.0511,337.6494,8.6278
2000-02-28T14:00:00,232.4822,-2.0857,337.5932,8.5804
2000-02-28T15:00:00,231.9756,-2.1200,337.5369,8.5327
2000-02-28T16:00:00,231.4689,-2.1541,337.4805,8.4847
2000-02-28T17:00:00,230.9622,-2.1880,337.4241,8.4363
2000-02-28T18:00:00,230.4555,-2.2216,337.3677,8.3877
2000-02-28T19:00:00,229.9487,-2.2550,337.3112,8.3387
2000-02-28T20:00:00,229.4419,-2.2881,337.2548,8.2895
2000-02-28T21:00:00,228.9350,-2.3210,337.1983,8.2399
2000-02-28T22:00:00,228.4281,-2.3536,337.1418,8.1901
2000-02-28T23:00:00,227.9212,-2.3859,337.0853,8.1400
2000-02-29T00:00:00,227.4142,-2.4180,337.0288,8.0896
2000-02-29T01:00:00,226.9072,-2.4499,336.9723,8.0389
2000-02-29T02:00:00,226.4001,-2.4814,336.9158,7.9880
2000-02-29T03:00:00,225.8930,-2.5127,336.8593,7.9367
2000-02-29T04:00:00,225.3859,-2.5438,336.8029,7.8852
2000-02-29T05:00:00,224.8787,-2.5745,336.7465,7.8334
2000-02-29T06:00:00,224.3715,-2.6050,336.6902,7.7814
2000-02-29T07:00:00,223.8643,-2.6352,336.6339,7.7291
2000-02-29T08:00:00,223.3570,-2.6651,336.5776,7.6766
2000-02-29T09:00:00,222.8496,-2.6948,336.5214,7.6237
2000-02-29T10:00:00,222.3423,-2.7241,336.4653,7.5707
2000-02-29T11:00:00,221.8348,-2.7532,336.4092,7.5174
2000-02-29T12:00:00,221.3274,-2.7820,336.3533,7.4638
2000-02-29T13:00:00,220.8199,-2.8105,336.2974,7.4100
2000-02-29T14:00:00,220.3124,-2.8386,336.2416,7.3560
2000-02-29T15:00:00,219.8048,-2.8665,336.1858,7.3017
2000-02-29T16:00:00,219.2972,-2.8941,336.1302,7.2472
2000-02-29T17:00:00,218.7896,-2.9214,336.0747,7.1924
2000-02-29T18:00:00,218.2819,-2.9484,336.0193,7.1375
2000-02-29T19:00:00,217.7742,-2.9751,335.9641,7.0823
2000-02-29T20:00:00,217.2664,-3.0015,335.9089,7.0269
2000-02-29T21:00:00,216.7586,-3.0275,335.8539,6.9713
2000-02-29T22:00:00,216.2508,-3.0533,335.7990,6.9155
2000-02-29T23:00:00,215.7429,-3.0787,335.7443,6.8594
2000-03-01T00:00:00,215.2350,-3.1038,335.6897,6.8032
